{"filesMd5":[{"page":"/mediator/index.js","md5":"7ff946d3c765adae301ab4e9297c245f"},{"page":"/config/index.js","md5":"3ad09e97f7076d373c20ce9bb9810b57"},{"page":"/pages/xxyproject/index.js","md5":"84cdeb46620da9c8761905541abeea53"},{"page":"/pages/xxyproject/class/index.js","md5":"395eb4c531727dd88398617773ac367e"},{"page":"/pages/xxyproject/shop/a.js","md5":"b4206945850304e0e6033a3868d40567"},{"page":"/pages/xxyproject/topic/index.js","md5":"89cb15517e13e76fc72e2c199ed67f4a"},{"page":"/pages/xxyproject/my/index.js","md5":"b705f2f7f02a53c60ba4a0b45529f0a4"},{"page":"/pages/xxyproject/shop/index.js","md5":"541d259eca78b1fce8e8976c350dbae5"},{"page":"/pages/xxyproject/home/index.js","md5":"f3a373ae2705b943afcd38d31af1d699"},{"page":"/pages/xxyproject/xxyForum/index.js","md5":"51f27fab2dc660fdfb2336349a629a53"},{"page":"/pages/xxyproject/xxyPersonal/index.js","md5":"700a339f2372ac97065d616825dc3d74"},{"page":"/pages/xxyproject/xxyRank/index.js","md5":"f6ce169f8516f372d67a7c1cd205e828"},{"page":"/pages/xxyproject/xxySpecial/index.js","md5":"c93915ba5b92d1f8982c90b2ec3cbf2e"},{"page":"/pages/xxyproject/xxyHome/index.js","md5":"fe98a5214f0980c4d0b3c1c4075ec396"},{"page":"/iconfont/font_1469606063_76593.ttf","md5":"f6222bcfedff4a817bb50df7a049d1db"},{"page":"/iconfont/font_1469606522_9417143.woff","md5":"6cf5490fd14ff83350ff952bb5b8e484"},{"page":"/iconfont/font_zn5b3jswpofuhaor.ttf","md5":"c0356b22e8235d2b0be8880cc81894cc"},{"page":"/iconfont/iconfont-eros.ttf","md5":"68780fad0047dc5b02cb613ebb08cda1"},{"page":"/iconfont/iconfont.ttf","md5":"ec86bfe5bdb872bad2b2af4f11da14f4"},{"page":"/iconfont/xxy_iconfont.ttf","md5":"69072214e0af9faf383a5cf61b14abec"},{"page":"/assets/demo.jpg","md5":"332c4e7d5398207c1b49750369a72848"},{"page":"/assets/test.jpeg","md5":"58c74e921886aa24f88f758d494ebc6a"}],"android":"1.0.0","iOS":"1.0.0","appName":"eros-yx-demo","jsVersion":"e6d4e9cec4de2b156672044bc72305ce","timestamp":1518158945369,"jsPath":"https://app.weex-eros.com/source"}
