{"filesMd5":[{"page":"/config/index.js","md5":"3ad09e97f7076d373c20ce9bb9810b57"},{"page":"/mediator/index.js","md5":"7ff946d3c765adae301ab4e9297c245f"},{"page":"/pages/xxyproject/home/index.js","md5":"12daa17515335a960bfc548d50ac966a"},{"page":"/pages/xxyproject/index.js","md5":"e0bbc1543685748e613d0f81eabd6672"},{"page":"/pages/xxyproject/class/index.js","md5":"f5bcd0bdac4ced55eede5affe085e07c"},{"page":"/pages/xxyproject/shop/index.js","md5":"cab8e07641b89b161447041e50f9c053"},{"page":"/pages/xxyproject/shop/a.js","md5":"d0f073139f1d4645d2e4198b19ffc6d9"},{"page":"/pages/xxyproject/topic/index.js","md5":"afa7d758b31510f0379a4d9a7e126ec3"},{"page":"/pages/xxyproject/my/index.js","md5":"b705f2f7f02a53c60ba4a0b45529f0a4"},{"page":"/pages/xxyproject/xxyForum/index.js","md5":"4a5a02723d88974703478caec47d4939"},{"page":"/pages/xxyproject/xxyPersonal/index.js","md5":"906094ab8aece84457ffa103f5296803"},{"page":"/pages/xxyproject/xxyHome/index.js","md5":"08b4ffbf02d47944eb7b6f49c5d1f4e7"},{"page":"/pages/xxyproject/xxySpecial/index.js","md5":"070f59d474c18e1bdb456450f0eff280"},{"page":"/pages/xxyproject/xxyRank/index.js","md5":"f6761663ea36f5a09095c4ffdbca44c3"},{"page":"/iconfont/font_1469606063_76593.ttf","md5":"f6222bcfedff4a817bb50df7a049d1db"},{"page":"/iconfont/font_1469606522_9417143.woff","md5":"6cf5490fd14ff83350ff952bb5b8e484"},{"page":"/iconfont/font_zn5b3jswpofuhaor.ttf","md5":"c0356b22e8235d2b0be8880cc81894cc"},{"page":"/iconfont/iconfont-eros.ttf","md5":"68780fad0047dc5b02cb613ebb08cda1"},{"page":"/iconfont/iconfont.ttf","md5":"ec86bfe5bdb872bad2b2af4f11da14f4"},{"page":"/iconfont/xxy_iconfont.ttf","md5":"69072214e0af9faf383a5cf61b14abec"},{"page":"/assets/demo.jpg","md5":"332c4e7d5398207c1b49750369a72848"},{"page":"/assets/test.jpeg","md5":"58c74e921886aa24f88f758d494ebc6a"}],"android":"1.0.0","iOS":"1.0.0","appName":"eros-yx-demo","jsVersion":"82c6dc94810ed4d3d3d0d015d9ed36b8","timestamp":1519265900579,"jsPath":"https://app.weex-eros.com/source"}
