{"filesMd5":[{"page":"/config/index.js","md5":"ab821df4972e601bf613dafff0b41ae8"},{"page":"/mediator/index.js","md5":"3d16c55dfcfe639057e504ab03dec7c6"},{"page":"/pages/xxyproject/class/index.js","md5":"29fd5a82daf1bb6c8540bddc0951004e"},{"page":"/pages/xxyproject/index.js","md5":"a6781563cbbc9fcda15b1930d4024a7f"},{"page":"/pages/xxyproject/home/index.js","md5":"c281922e95d145048ccd7412b8b80899"},{"page":"/pages/xxyproject/shop/a.js","md5":"898517e87fa7c3079527720efe6c96a8"},{"page":"/pages/xxyproject/my/index.js","md5":"cdc14a641f7a2a024a9b3cc7284c9e94"},{"page":"/pages/xxyproject/topic/index.js","md5":"6f859b2a450aa0e68c5386538a18d544"},{"page":"/pages/xxyproject/shop/index.js","md5":"4d12e67ab102a9e5065f96ca4aeced26"},{"page":"/pages/xxyproject/xxyForum/index.js","md5":"31a56680f330cffce0b1f52344051148"},{"page":"/pages/xxyproject/xxyGSearch/index.js","md5":"a8332e9aa3c2ffa038146599fd9a0ea4"},{"page":"/pages/xxyproject/xxyRank/index.js","md5":"b2003c98f62187ff8f395688c18c8af1"},{"page":"/pages/xxyproject/xxyPersonal/index.js","md5":"71b58971055fb4635ee9eebd89e8d69f"},{"page":"/pages/xxyproject/xxySpecial/index.js","md5":"180d9482f96fcdc017199a83c98896d8"},{"page":"/pages/xxyproject/xxyHome/index.js","md5":"792d967349962f173a3efa17117ffe9e"},{"page":"/iconfont/font_1469606063_76593.ttf","md5":"f6222bcfedff4a817bb50df7a049d1db"},{"page":"/iconfont/font_1469606522_9417143.woff","md5":"6cf5490fd14ff83350ff952bb5b8e484"},{"page":"/iconfont/font_zn5b3jswpofuhaor.ttf","md5":"c0356b22e8235d2b0be8880cc81894cc"},{"page":"/iconfont/iconfont-eros.ttf","md5":"68780fad0047dc5b02cb613ebb08cda1"},{"page":"/iconfont/iconfont.ttf","md5":"ec86bfe5bdb872bad2b2af4f11da14f4"},{"page":"/iconfont/xxy_iconfont.ttf","md5":"69072214e0af9faf383a5cf61b14abec"},{"page":"/assets/demo.jpg","md5":"332c4e7d5398207c1b49750369a72848"},{"page":"/assets/test.jpeg","md5":"58c74e921886aa24f88f758d494ebc6a"}],"android":"1.0.0","iOS":"1.0.0","appName":"eros-yx-demo","jsVersion":"b96e7c31d327b4cfb41508317c28bdd7","timestamp":1519369385209,"jsPath":"https://app.weex-eros.com/source"}
