{"filesMd5":[{"page":"/mediator/index.js","md5":"0a3450b3dab076e5831cb0a09b09a540"},{"page":"/config/index.js","md5":"c2ef438bd5028fbaa9aceaa9a0a1c629"},{"page":"/pages/demo/assets/index.js","md5":"a6dfe94424a70d1993c72e14046af163"},{"page":"/pages/demo/bmcalendar/index.js","md5":"4f690f710fb826372c5905b2537c4e03"},{"page":"/pages/demo/coms/index.js","md5":"82322c2811e4b74e8c40695b88259e04"},{"page":"/pages/demo/bmchart/index.js","md5":"b9e934c26d961188836cbe174e3c966e"},{"page":"/pages/demo/bmrichtext/index.js","md5":"ae463584f6c949b56345319cea111b88"},{"page":"/pages/demo/event/a.js","md5":"773387a135d70b9758fd9acd198b7195"},{"page":"/pages/demo/event/b.js","md5":"8adf07b48de2c0b3054b992ca2c1d021"},{"page":"/pages/demo/font/index.js","md5":"bded62b2ef56dc5207d6826e8c3a9edd"},{"page":"/pages/demo/globalAttr/index.js","md5":"426c34556b8d21ea7c4d4a8db6e82714"},{"page":"/pages/demo/image/index.js","md5":"4b5fe617e309275b59c1176834f5d26a"},{"page":"/pages/demo/inputExtend/index.js","md5":"21aec7b09e76857755ea5b8c7c988ef3"},{"page":"/pages/demo/index.js","md5":"6cd3a71b869dea748e8ca7339f200dc1"},{"page":"/pages/demo/lifecycle/index.js","md5":"18e01994880a6a66ac1519e43603e2be"},{"page":"/pages/demo/navigator/index.js","md5":"b8c061303bdbdce4b1b175fc9f98753b"},{"page":"/pages/demo/notice/index.js","md5":"af2c63cf7adc4bdd892049c59ee00802"},{"page":"/pages/demo/other/waterfall.js","md5":"5a6e4bcaab581cce99127ff7ca237aec"},{"page":"/pages/demo/refresh/index.js","md5":"42ba35eecefb68b3a52c5eae0de57475"},{"page":"/pages/demo/other/weex-ui/tab-page/index.js","md5":"9514508c3ff9e9cb4c1496da75d55ce0"},{"page":"/pages/demo/router/home.js","md5":"7fd10b683a5bf1884d860d0dc2ce6e11"},{"page":"/pages/demo/router/index.js","md5":"3df3ce3b1039df8f8060dd9a30a29d8d"},{"page":"/pages/demo/storage/index.js","md5":"f0a9cd4f4fed469c0c61c2ed744c2a46"},{"page":"/pages/demo/tools/index.js","md5":"c5634e9061b9d3e8505f60fe830b63dc"},{"page":"/pages/xxyproject/class/index.js","md5":"ec2b43603d653190068169ec4131e881"},{"page":"/pages/xxyproject/home/index.js","md5":"ca8690426318a3ce268f2b34574112f8"},{"page":"/pages/xxyproject/index.js","md5":"9fccee14c7686504f5d88ca5bce47bdb"},{"page":"/pages/xxyproject/my/index.js","md5":"347cb189432a603f40e65bc5c9e504b7"},{"page":"/pages/xxyproject/shop/a.js","md5":"63b2979d84582a8d35b5d58d4ae9bf19"},{"page":"/pages/xxyproject/shop/index.js","md5":"be4f301b6e7e32483253b7ad83b86102"},{"page":"/pages/xxyproject/topic/index.js","md5":"ba39d095e914c0d68b7a0a8eaeb801e7"},{"page":"/pages/xxyproject/xxyForum/index.js","md5":"06daf56470cbbbde2325ff37f7939768"},{"page":"/pages/xxyproject/xxyGames/index.js","md5":"7b2ea5ecb5f7bd7ceb546c0d8e73d07d"},{"page":"/pages/xxyproject/xxyGames/xxyGameSource/gameForum/detail.js","md5":"703f148912a71a25e9da2dffb3666cdd"},{"page":"/pages/xxyproject/xxyGames/xxyGameSource/gameForum/group.js","md5":"efeec331a22cc71d86afb0ecb7f9f106"},{"page":"/pages/xxyproject/xxyGames/xxyGameSource/gameForum/write.js","md5":"8fd54b9eba386d95cc8fb21b599fa803"},{"page":"/pages/xxyproject/xxyGames/xxyGameSource/gameNotice/detail.js","md5":"06b90a16676dda014221939c7cd31931"},{"page":"/pages/xxyproject/xxyGames/xxyGameSource/gameNotice/write.js","md5":"7069f3b3069f9e94a0622bf62fbb48c8"},{"page":"/pages/xxyproject/xxyGSearch/search.js","md5":"ed777092db64b4debdb556a0d0d445aa"},{"page":"/pages/xxyproject/xxyHome/index.js","md5":"14dcf0fe7ac6932d71f5ecf0e6f07bde"},{"page":"/pages/xxyproject/xxyNotice/notice.js","md5":"c04fbc6e3f69d28426a070efd1c134b3"},{"page":"/pages/xxyproject/xxyPersonal/login.js","md5":"fef6bdf020c0a3922f2b143811192e12"},{"page":"/pages/xxyproject/xxyPersonal/index.js","md5":"30c8682f4ffb6dd352e038c9bc9e5451"},{"page":"/pages/xxyproject/xxyPersonal/register.js","md5":"d4c6edb1c4090300ec100d2611c9b9b9"},{"page":"/pages/xxyproject/xxyPersonal/xxyPersonalResource/edit.js","md5":"762368d7e2ec58521e41b38ea1a0dc51"},{"page":"/pages/xxyproject/xxyPersonal/xxyPersonalResource/fans.js","md5":"e6e5fa088823b65c6d6fe5e8a61f3a3f"},{"page":"/pages/xxyproject/xxyPersonal/xxyPersonalResource/follow.js","md5":"bacde5867da9a5215d8ab544a6bc0e93"},{"page":"/pages/xxyproject/xxyPersonal/xxyPersonalResource/posted.js","md5":"7f862cfb16f136cec97d8d26b878fce5"},{"page":"/pages/xxyproject/xxyPersonal/xxyPersonalResource/set.js","md5":"04609edca50b9d530c8ccd1c3bedb965"},{"page":"/pages/xxyproject/xxyRank/index.js","md5":"9d2fe630e42b55fd5e8801d485f5b2e1"},{"page":"/pages/xxyproject/xxyPersonal/xxyPersonalResource/played.js","md5":"92766a00e2f425a9b1ece9899842499d"},{"page":"/pages/xxyproject/xxySpecial/index.js","md5":"d4ec690daf1e05f581dee8708b2520b5"},{"page":"/pages/xxyproject/xxyPersonal/xxyPersonalResource/task.js","md5":"7306e22703108c12abff94e34899bceb"},{"page":"/iconfont/font_1469606063_76593.ttf","md5":"f6222bcfedff4a817bb50df7a049d1db"},{"page":"/iconfont/font_1469606522_9417143.woff","md5":"6cf5490fd14ff83350ff952bb5b8e484"},{"page":"/iconfont/font_zn5b3jswpofuhaor.ttf","md5":"c0356b22e8235d2b0be8880cc81894cc"},{"page":"/iconfont/iconfont-eros.ttf","md5":"68780fad0047dc5b02cb613ebb08cda1"},{"page":"/iconfont/iconfont.ttf","md5":"ec86bfe5bdb872bad2b2af4f11da14f4"},{"page":"/iconfont/xxy_iconfont.ttf","md5":"69072214e0af9faf383a5cf61b14abec"},{"page":"/assets/demo.jpg","md5":"332c4e7d5398207c1b49750369a72848"},{"page":"/assets/test.jpeg","md5":"58c74e921886aa24f88f758d494ebc6a"},{"page":"/assets/zi_1.png","md5":"4b05b7fca1c3da185640edfe57bbb9b3"}],"android":"1.0.0","iOS":"1.0.0","appName":"eros2","jsVersion":"02e50964dabf10e6e0440dd4b3996749","timestamp":1521429802216,"jsPath":"https://app.weex-eros.com/source"}
