{"filesMd5":[{"page":"/config/index.js","md5":"3ad09e97f7076d373c20ce9bb9810b57"},{"page":"/pages/xxyproject/class/index.js","md5":"f5bcd0bdac4ced55eede5affe085e07c"},{"page":"/pages/xxyproject/home/index.js","md5":"feae9c32af200781807a80d635342220"},{"page":"/pages/xxyproject/index.js","md5":"3c77e2110452da9f673128318572fcb7"},{"page":"/pages/xxyproject/topic/index.js","md5":"afa7d758b31510f0379a4d9a7e126ec3"},{"page":"/pages/xxyproject/shop/a.js","md5":"d0f073139f1d4645d2e4198b19ffc6d9"},{"page":"/pages/xxyproject/shop/index.js","md5":"cab8e07641b89b161447041e50f9c053"},{"page":"/pages/xxyproject/my/index.js","md5":"b705f2f7f02a53c60ba4a0b45529f0a4"},{"page":"/pages/xxyproject/xxyHome/index.js","md5":"8b96199c689a48833b2cafa3a1f0a69d"},{"page":"/pages/xxyproject/xxyForum/index.js","md5":"7d0b60f23e484d0efd622653118e4c8b"},{"page":"/pages/xxyproject/xxyPersonal/index.js","md5":"17ee8e632dacb2dd0b360a1155f86bf6"},{"page":"/pages/xxyproject/xxyRank/index.js","md5":"d213a6927aced8a5ff676d697bff1954"},{"page":"/pages/xxyproject/xxySpecial/index.js","md5":"f3a9d2ea91d8336f2f2f764b043e1ef5"},{"page":"/mediator/index.js","md5":"7ff946d3c765adae301ab4e9297c245f"},{"page":"/iconfont/font_1469606063_76593.ttf","md5":"f6222bcfedff4a817bb50df7a049d1db"},{"page":"/iconfont/font_1469606522_9417143.woff","md5":"6cf5490fd14ff83350ff952bb5b8e484"},{"page":"/iconfont/font_zn5b3jswpofuhaor.ttf","md5":"c0356b22e8235d2b0be8880cc81894cc"},{"page":"/iconfont/iconfont-eros.ttf","md5":"68780fad0047dc5b02cb613ebb08cda1"},{"page":"/iconfont/iconfont.ttf","md5":"ec86bfe5bdb872bad2b2af4f11da14f4"},{"page":"/iconfont/xxy_iconfont.ttf","md5":"69072214e0af9faf383a5cf61b14abec"},{"page":"/assets/demo.jpg","md5":"332c4e7d5398207c1b49750369a72848"},{"page":"/assets/test.jpeg","md5":"58c74e921886aa24f88f758d494ebc6a"}],"android":"1.0.0","iOS":"1.0.0","appName":"eros-yx-demo","jsVersion":"4fc18e66a2b96353c3f62c34de56522b","timestamp":1518165406737,"jsPath":"https://app.weex-eros.com/source"}
