{"filesMd5":[{"page":"/pages/xxyproject/xxyForum/index.js","md5":"a79471cc0d85538d6da01282e8300f64"},{"page":"/pages/xxyproject/index.js","md5":"eeab4d17fad2621f74a83c9d1e4fffcc"},{"page":"/mediator/index.js","md5":"ca2608e38b256ed666a136d8c43431dd"},{"page":"/pages/xxyproject/xxyRank/index.js","md5":"46a0847bae9a5af1ed1541684e8cd684"},{"page":"/pages/xxyproject/xxyHome/index.js","md5":"ec0d055066a37d671bcc3f3160719512"},{"page":"/pages/xxyproject/xxySpecial/index.js","md5":"c7df239c9d656b25a96175ef68257c4b"},{"page":"/config/index.js","md5":"704dd3c691dbe1636672bd73476fa5c9"},{"page":"/iconfont/font_1469606063_76593.ttf","md5":"f6222bcfedff4a817bb50df7a049d1db"},{"page":"/iconfont/font_1469606522_9417143.woff","md5":"6cf5490fd14ff83350ff952bb5b8e484"},{"page":"/iconfont/font_zn5b3jswpofuhaor.ttf","md5":"c0356b22e8235d2b0be8880cc81894cc"},{"page":"/iconfont/iconfont-eros.ttf","md5":"68780fad0047dc5b02cb613ebb08cda1"},{"page":"/iconfont/iconfont.ttf","md5":"ec86bfe5bdb872bad2b2af4f11da14f4"},{"page":"/iconfont/xxy_iconfont.ttf","md5":"69072214e0af9faf383a5cf61b14abec"},{"page":"/assets/demo.jpg","md5":"332c4e7d5398207c1b49750369a72848"},{"page":"/assets/test.jpeg","md5":"58c74e921886aa24f88f758d494ebc6a"}],"android":"1.0.0","iOS":"1.0.0","appName":"eros-yx-demo","jsVersion":"3d8d312b98c976e68972507785287597","timestamp":1517818281811,"jsPath":"https://app.weex-eros.com/source"}
