{"filesMd5":[{"page":"/pages/demo/assets/index.js","md5":"c6389de02811ab8ea38aecdd8f823ec8"},{"page":"/config/index.js","md5":"a21c259d72af13f015d53cb88f01863f"},{"page":"/pages/demo/bmcalendar/index.js","md5":"d548da692fff455331276386b53a591e"},{"page":"/pages/demo/bmchart/index.js","md5":"39c2cc8d42fbe5f7df4c3f23c4fc0ae8"},{"page":"/pages/demo/bmrichtext/index.js","md5":"8fb183da05198742197b3a2f8426eabe"},{"page":"/pages/demo/coms/index.js","md5":"d30b9c464b9ac68c872de583064bd071"},{"page":"/pages/demo/event/a.js","md5":"4f5e6601b03c6cfc925b73498ba61898"},{"page":"/pages/demo/event/b.js","md5":"dc0d899bf36e6fe6a3dd00536c32349b"},{"page":"/pages/demo/font/index.js","md5":"46340c6f3570cb6b838187dac75b15b6"},{"page":"/pages/demo/globalAttr/index.js","md5":"f3fd8e0139df2d440c28d0a2c216a31e"},{"page":"/pages/demo/image/index.js","md5":"dd7b39e4d76641fd23a356a3f4b92e37"},{"page":"/pages/demo/inputExtend/index.js","md5":"16bbcd846c6954e1246534c7b96f11a8"},{"page":"/pages/demo/index.js","md5":"9f2257dae39c3101df5157c3bda1df23"},{"page":"/pages/demo/lifecycle/index.js","md5":"c1bb6bcd4ea2dac8781bd203f4b5674e"},{"page":"/pages/demo/navigator/index.js","md5":"949fb615d7f069cec260f68a12a3182c"},{"page":"/pages/demo/notice/index.js","md5":"64b660fccb49949334f597e1229b3c68"},{"page":"/pages/demo/other/waterfall.js","md5":"8a9ebe77748f253a5ee7fa7be15fae81"},{"page":"/pages/demo/refresh/index.js","md5":"22e0e8db5f495f711c3451f1ee0938ce"},{"page":"/pages/demo/other/weexui.js","md5":"c36d2154d3e97fd0fb374b738115a1fa"},{"page":"/pages/demo/router/home.js","md5":"a63dcb172fe5b1cdcee9daf7b0f380c4"},{"page":"/pages/demo/router/index.js","md5":"3d2e591e9398553181dd3cec3cae282e"},{"page":"/pages/demo/storage/index.js","md5":"e89976c855e6df164b97c71cfbb71a65"},{"page":"/pages/demo/tools/index.js","md5":"b5905385f7bc6f38af2b19335445ee7d"},{"page":"/pages/xxyproject/class/index.js","md5":"9001ebff1502854e1666cbcf80ac89dd"},{"page":"/pages/xxyproject/index.js","md5":"3ee320c4e9637e36cbf6ac0345239a74"},{"page":"/pages/xxyproject/shop/a.js","md5":"516f46c1182ccf5e437181166d69ba59"},{"page":"/pages/xxyproject/my/index.js","md5":"66612e5af4f3e2c54015a6d3ff1ea7c3"},{"page":"/pages/xxyproject/topic/index.js","md5":"608e8cc9eaa7a44ffa8a2eea3ecf0193"},{"page":"/pages/xxyproject/shop/index.js","md5":"485e502873d670eb215291ba10ca756a"},{"page":"/pages/xxyproject/home/index.js","md5":"5b8dcd450474ca4e9ef964b6ac21e52a"},{"page":"/pages/xxyproject/xxyForum/index.js","md5":"0858406e4a0b4056112ff20066a0795c"},{"page":"/pages/xxyproject/xxyGames/xxyGameSource/gameForum/detail.js","md5":"21d988ff21e0c8921ac1ade86d378132"},{"page":"/pages/xxyproject/xxyGames/xxyGameSource/gameForum/group.js","md5":"818a2e18fef96f869ed6f308289bf0c4"},{"page":"/pages/xxyproject/xxyGames/xxyGameSource/gameForum/write.js","md5":"1c6c1943512aa46962c83abc6a330103"},{"page":"/pages/xxyproject/xxyGames/xxyGameSource/gameNotice/detail.js","md5":"1d2d5efa0869cd95e2495f60bf7d5f06"},{"page":"/pages/xxyproject/xxyGames/xxyGameSource/gameNotice/write.js","md5":"b87def15dbb23163c2478220941cf86d"},{"page":"/pages/xxyproject/xxyGSearch/search.js","md5":"6308abf277021fbceca26da396b57653"},{"page":"/pages/xxyproject/xxyNotice/notice.js","md5":"9b16f48607298ddeeb75e5616135ed03"},{"page":"/pages/xxyproject/xxyPersonal/index.js","md5":"c9e6fa71c73c8934e378efaab1de823b"},{"page":"/pages/xxyproject/xxyGames/index.js","md5":"7f286e849bed420825f7c5f41dc2bb43"},{"page":"/pages/xxyproject/xxyPersonal/xxyPersonalResource/edit.js","md5":"e8623f887e72472c2bf428ff96064113"},{"page":"/pages/xxyproject/xxyPersonal/xxyPersonalResource/fans.js","md5":"b4e1a0913bab74cb53ad0614355742aa"},{"page":"/pages/xxyproject/xxyHome/index.js","md5":"1e703ae87ff426f98b1b7549fe8e20ed"},{"page":"/pages/xxyproject/xxyPersonal/xxyPersonalResource/follow.js","md5":"3eb76a39d9ca4d1c3560952c8acff504"},{"page":"/pages/xxyproject/xxyPersonal/login.js","md5":"3d9e79f5f0ade4ab0103b4f7a24d3004"},{"page":"/pages/xxyproject/xxyPersonal/xxyPersonalResource/played.js","md5":"a8f828fd942474bd00a7f0f04bb4c70d"},{"page":"/pages/xxyproject/xxyPersonal/xxyPersonalResource/posted.js","md5":"0f8c32c06e35539aff67e6afede9a83e"},{"page":"/pages/xxyproject/xxyPersonal/xxyPersonalResource/set.js","md5":"c04fbc6e3f69d28426a070efd1c134b3"},{"page":"/pages/xxyproject/xxyPersonal/xxyPersonalResource/task.js","md5":"574bcc54c405a267b3c7e9e1a1dc4345"},{"page":"/pages/xxyproject/xxyPersonal/register.js","md5":"da6597498d0c6ec816bc7ae718969acf"},{"page":"/pages/xxyproject/xxySpecial/index.js","md5":"84496bb6ffe516657697e11803c762dc"},{"page":"/pages/xxyproject/xxyRank/index.js","md5":"3b3f27ee98cabf254f8e148abef44f86"},{"page":"/mediator/index.js","md5":"9f49f06a88dcd80eb678001ed6146e6f"},{"page":"/iconfont/font_1469606063_76593.ttf","md5":"f6222bcfedff4a817bb50df7a049d1db"},{"page":"/iconfont/font_1469606522_9417143.woff","md5":"6cf5490fd14ff83350ff952bb5b8e484"},{"page":"/iconfont/font_zn5b3jswpofuhaor.ttf","md5":"c0356b22e8235d2b0be8880cc81894cc"},{"page":"/iconfont/iconfont-eros.ttf","md5":"68780fad0047dc5b02cb613ebb08cda1"},{"page":"/iconfont/iconfont.ttf","md5":"ec86bfe5bdb872bad2b2af4f11da14f4"},{"page":"/iconfont/xxy_iconfont.ttf","md5":"69072214e0af9faf383a5cf61b14abec"},{"page":"/assets/demo.jpg","md5":"332c4e7d5398207c1b49750369a72848"},{"page":"/assets/zi_1.png","md5":"4b05b7fca1c3da185640edfe57bbb9b3"}],"android":"1.0.0","iOS":"1.0.0","appName":"eros3","jsVersion":"d6050c914cf133945c83fac0840b3511","timestamp":1521441663405,"jsPath":"https://app.weex-eros.com/source"}
