{"filesMd5":[{"page":"/mediator/index.js","md5":"3d16c55dfcfe639057e504ab03dec7c6"},{"page":"/pages/xxyproject/class/index.js","md5":"81284748cbd9a076fcea2059d24830ae"},{"page":"/pages/xxyproject/index.js","md5":"58c410c5ac2e1f4b7b875d26a8cacf3a"},{"page":"/pages/xxyproject/shop/a.js","md5":"0a9103284d66c3810295fe37e14f3931"},{"page":"/pages/xxyproject/my/index.js","md5":"f4d5a998f62d2d24d0616884af3f430d"},{"page":"/pages/xxyproject/shop/index.js","md5":"9f3d455f9b6d03775cf1dc71f486cd7f"},{"page":"/config/index.js","md5":"d3267692ded8c7a3246623ed278d49b3"},{"page":"/pages/xxyproject/topic/index.js","md5":"2c2c86bd6d6d5ad5be78e70f9b0c037f"},{"page":"/pages/xxyproject/xxyForum/index.js","md5":"46ee53518b20648c872cc86c2ca93411"},{"page":"/pages/xxyproject/xxyGSearch/search.js","md5":"f85bdc9bc683bb9ef2166427fa47e09b"},{"page":"/pages/xxyproject/xxyPersonal/index.js","md5":"9e1a9741176b8626c7ef6aecb4ab47a8"},{"page":"/pages/xxyproject/xxyPersonal/login.js","md5":"9876d13a0eb86ddc7574c0c6d01d4ed4"},{"page":"/pages/xxyproject/xxyPersonal/xxyPersonalResource/fans.js","md5":"ad9ffa326deac18c79bbe2d27893e5f8"},{"page":"/pages/xxyproject/xxyHome/index.js","md5":"21779f3245ed9304386804f04c8617d4"},{"page":"/pages/xxyproject/xxyPersonal/xxyPersonalResource/follow.js","md5":"1a726153970062ca94a93b0883eb04a3"},{"page":"/pages/xxyproject/xxyPersonal/register.js","md5":"a35a5dfdef0f2329d6d26a92c94b8b3b"},{"page":"/pages/xxyproject/xxyPersonal/xxyPersonalResource/played.js","md5":"77b0ad8ecf415dcf9b7d2db86d85f9d1"},{"page":"/pages/xxyproject/xxyPersonal/xxyPersonalResource/posted.js","md5":"86684c78f2ebc34acbdd0625c4039ce0"},{"page":"/pages/xxyproject/xxyRank/index.js","md5":"6269a91e9e25c058d9a0b3d1a03ae980"},{"page":"/pages/xxyproject/xxySpecial/index.js","md5":"768beabd814cd72bc7e32ac833c6a7b1"},{"page":"/pages/xxyproject/home/index.js","md5":"d3240205a024c027f88858c6f8b7fae0"},{"page":"/iconfont/font_1469606063_76593.ttf","md5":"f6222bcfedff4a817bb50df7a049d1db"},{"page":"/iconfont/font_1469606522_9417143.woff","md5":"6cf5490fd14ff83350ff952bb5b8e484"},{"page":"/iconfont/font_zn5b3jswpofuhaor.ttf","md5":"c0356b22e8235d2b0be8880cc81894cc"},{"page":"/iconfont/iconfont-eros.ttf","md5":"68780fad0047dc5b02cb613ebb08cda1"},{"page":"/iconfont/iconfont.ttf","md5":"ec86bfe5bdb872bad2b2af4f11da14f4"},{"page":"/iconfont/xxy_iconfont.ttf","md5":"69072214e0af9faf383a5cf61b14abec"},{"page":"/assets/demo.jpg","md5":"332c4e7d5398207c1b49750369a72848"},{"page":"/assets/test.jpeg","md5":"58c74e921886aa24f88f758d494ebc6a"},{"page":"/assets/zi_1.png","md5":"4b05b7fca1c3da185640edfe57bbb9b3"}],"android":"1.0.0","iOS":"1.0.0","appName":"eros-yx-demo","jsVersion":"795e11ec90b7e4dba30f9d780c1c7d2e","timestamp":1519718997438,"jsPath":"https://app.weex-eros.com/source"}
