{"filesMd5":[{"page":"/mediator/index.js","md5":"bc3b56a640d6a1b0310ef76d7ff29239"},{"page":"/config/index.js","md5":"65e6da2ff11419899c3eeeb782e34c66"},{"page":"/pages/demo/bmcalendar/index.js","md5":"a16d10d946d51c3addb122b985e23818"},{"page":"/pages/demo/bmchart/index.js","md5":"7e1ff770380b5c26f0a6759cd4db1df2"},{"page":"/pages/demo/bmrichtext/index.js","md5":"e1af53f8c4426d70a28dc223380522d2"},{"page":"/pages/demo/assets/index.js","md5":"a092c75cac9789d13151543d3a55f3e3"},{"page":"/pages/demo/event/a.js","md5":"5e31c60365c11908b5922031e1e0d44d"},{"page":"/pages/demo/coms/index.js","md5":"fa3f077bf2979bd88467ced17fe38d4a"},{"page":"/pages/demo/event/b.js","md5":"de2ea23f42651c1c09f1c7bb394a137e"},{"page":"/pages/demo/font/index.js","md5":"d972a61a03f59384c087e1429b18059d"},{"page":"/pages/demo/globalAttr/index.js","md5":"b558acbba605fe45d182dd18a32e3bf4"},{"page":"/pages/demo/image/index.js","md5":"78967aec07d875b4b54777de0b7f80cf"},{"page":"/pages/demo/index.js","md5":"6ba9f7ac445e2c7c7859b54b9c0e23ed"},{"page":"/pages/demo/inputExtend/index.js","md5":"c61cd11fe4d6a7e9bdc0c940c35eb73b"},{"page":"/pages/demo/lifecycle/index.js","md5":"a7e7fbfbe6f3c62b5ba0c6da33aaf2b9"},{"page":"/pages/demo/navigator/index.js","md5":"1d99e120391fa15b654a6b00eff25f88"},{"page":"/pages/demo/notice/index.js","md5":"41caf17e3be942d144cb7cbcfe1f7567"},{"page":"/pages/demo/other/waterfall.js","md5":"0b45704929195b160ccfa30cee5d9da8"},{"page":"/pages/demo/refresh/index.js","md5":"43de243283b2373e61286369fe0371c6"},{"page":"/pages/demo/router/home.js","md5":"71f83f2cd18886e47830275dc39f8bc3"},{"page":"/pages/demo/other/weex-ui/tab-page/index.js","md5":"02d0d1110e26fa64018bc0b05f23efdf"},{"page":"/pages/demo/router/index.js","md5":"ecd2173305cd84e5390509a11f3d6f7b"},{"page":"/pages/demo/storage/index.js","md5":"30f19a47a92c0cd5270b62bf5226e278"},{"page":"/pages/demo/tools/index.js","md5":"badf5a672635216620fd1a1717209525"},{"page":"/pages/xxyproject/home/index.js","md5":"906856cf27fba86f52205d3398b97e3c"},{"page":"/pages/xxyproject/class/index.js","md5":"fce858d1894d7263b10264e856538802"},{"page":"/pages/xxyproject/index.js","md5":"95912aacde4ba4e2ec923de2998949ee"},{"page":"/pages/xxyproject/my/index.js","md5":"2e71fe31d5a8ec08b6e76db3bb44b3bf"},{"page":"/pages/xxyproject/shop/a.js","md5":"a94d482c48117d38801928179b90f59b"},{"page":"/pages/xxyproject/shop/index.js","md5":"193771c552a831a3a76ff865bc9dd661"},{"page":"/pages/xxyproject/topic/index.js","md5":"5c825ae4174dd7e15d441101b7596829"},{"page":"/pages/xxyproject/xxyForum/index.js","md5":"6c25a088add2aaba5ea12b841dff0463"},{"page":"/pages/xxyproject/xxyGSearch/search.js","md5":"fb5c7bb6f775b551eea00402e99729af"},{"page":"/pages/xxyproject/xxyNotice/notice.js","md5":"9393f84111d2c2355d95e0cc86255dcb"},{"page":"/pages/xxyproject/xxyHome/index.js","md5":"d544aa544ca944c968fbff43ab8cbe17"},{"page":"/pages/xxyproject/xxyPersonal/index.js","md5":"ce83ddb7d6cbcf4bf799b48214ca362a"},{"page":"/pages/xxyproject/xxyPersonal/login.js","md5":"9ff56bb8b68c1df1bc4fbdac26e1cd03"},{"page":"/pages/xxyproject/xxyPersonal/xxyPersonalResource/fans.js","md5":"64720c208dce2dfb86c4c8c1f576b647"},{"page":"/pages/xxyproject/xxyPersonal/xxyPersonalResource/edit.js","md5":"4856bf0ee4983b68dc3a1f35b7c180b6"},{"page":"/pages/xxyproject/xxyPersonal/xxyPersonalResource/follow.js","md5":"b10b718a43b0002ec0857db41edced26"},{"page":"/pages/xxyproject/xxyPersonal/xxyPersonalResource/played.js","md5":"e745b1d36da079cdddb9b7a0213a8a20"},{"page":"/pages/xxyproject/xxyPersonal/xxyPersonalResource/posted.js","md5":"305b627ed52e12638d1dc7f835fd9250"},{"page":"/pages/xxyproject/xxyPersonal/register.js","md5":"62eec3f5ba4dce2e851ddafc9dc12a50"},{"page":"/pages/xxyproject/xxyPersonal/xxyPersonalResource/set.js","md5":"46b1fe6b254dd4c8b230fd40560ad18c"},{"page":"/pages/xxyproject/xxyPersonal/xxyPersonalResource/task.js","md5":"01da16679fbf60895b067c1dcbcd77ac"},{"page":"/pages/xxyproject/xxyRank/index.js","md5":"a512949d4ee641b5e2791492930bbc80"},{"page":"/pages/xxyproject/xxySpecial/index.js","md5":"0208af6e38d1387e520983139b4b3844"},{"page":"/iconfont/font_1469606063_76593.ttf","md5":"f6222bcfedff4a817bb50df7a049d1db"},{"page":"/iconfont/font_1469606522_9417143.woff","md5":"6cf5490fd14ff83350ff952bb5b8e484"},{"page":"/iconfont/font_zn5b3jswpofuhaor.ttf","md5":"c0356b22e8235d2b0be8880cc81894cc"},{"page":"/iconfont/iconfont-eros.ttf","md5":"68780fad0047dc5b02cb613ebb08cda1"},{"page":"/iconfont/iconfont.ttf","md5":"ec86bfe5bdb872bad2b2af4f11da14f4"},{"page":"/iconfont/xxy_iconfont.ttf","md5":"69072214e0af9faf383a5cf61b14abec"},{"page":"/assets/demo.jpg","md5":"332c4e7d5398207c1b49750369a72848"},{"page":"/assets/test.jpeg","md5":"58c74e921886aa24f88f758d494ebc6a"},{"page":"/assets/zi_1.png","md5":"4b05b7fca1c3da185640edfe57bbb9b3"}],"android":"1.0.0","iOS":"1.0.0","appName":"eros2","jsVersion":"d96d5ea741e0101fcd2432d8529d17f2","timestamp":1520494325784,"jsPath":"https://app.weex-eros.com/source"}
