{"filesMd5":[{"page":"/config/index.js","md5":"8ce075ece1d4f50d19430655563f5563"},{"page":"/pages/demo/assets/index.js","md5":"a092c75cac9789d13151543d3a55f3e3"},{"page":"/mediator/index.js","md5":"bc3b56a640d6a1b0310ef76d7ff29239"},{"page":"/pages/demo/bmchart/index.js","md5":"7e1ff770380b5c26f0a6759cd4db1df2"},{"page":"/pages/demo/bmcalendar/index.js","md5":"a16d10d946d51c3addb122b985e23818"},{"page":"/pages/demo/coms/index.js","md5":"fa3f077bf2979bd88467ced17fe38d4a"},{"page":"/pages/demo/event/a.js","md5":"5e31c60365c11908b5922031e1e0d44d"},{"page":"/pages/demo/event/b.js","md5":"de2ea23f42651c1c09f1c7bb394a137e"},{"page":"/pages/demo/bmrichtext/index.js","md5":"e1af53f8c4426d70a28dc223380522d2"},{"page":"/pages/demo/font/index.js","md5":"d972a61a03f59384c087e1429b18059d"},{"page":"/pages/demo/image/index.js","md5":"78967aec07d875b4b54777de0b7f80cf"},{"page":"/pages/demo/globalAttr/index.js","md5":"b558acbba605fe45d182dd18a32e3bf4"},{"page":"/pages/demo/inputExtend/index.js","md5":"c61cd11fe4d6a7e9bdc0c940c35eb73b"},{"page":"/pages/demo/index.js","md5":"6ba9f7ac445e2c7c7859b54b9c0e23ed"},{"page":"/pages/demo/lifecycle/index.js","md5":"a7e7fbfbe6f3c62b5ba0c6da33aaf2b9"},{"page":"/pages/demo/notice/index.js","md5":"41caf17e3be942d144cb7cbcfe1f7567"},{"page":"/pages/demo/other/waterfall.js","md5":"0b45704929195b160ccfa30cee5d9da8"},{"page":"/pages/demo/router/home.js","md5":"71f83f2cd18886e47830275dc39f8bc3"},{"page":"/pages/demo/router/index.js","md5":"ecd2173305cd84e5390509a11f3d6f7b"},{"page":"/pages/demo/storage/index.js","md5":"30f19a47a92c0cd5270b62bf5226e278"},{"page":"/pages/demo/other/weex-ui/tab-page/index.js","md5":"1e08ea6ff34a257597e2a5e7574ecbdf"},{"page":"/pages/demo/tools/index.js","md5":"badf5a672635216620fd1a1717209525"},{"page":"/pages/xxyproject/shop/a.js","md5":"f85b1f151f01a481fd2e7e7e4b0bd733"},{"page":"/pages/xxyproject/class/index.js","md5":"8f73894096a52cba322c3c8f184fe379"},{"page":"/pages/xxyproject/index.js","md5":"0cb1cfcd63f0ad27f596e5f32cfaf906"},{"page":"/pages/xxyproject/home/index.js","md5":"88f342e701f59f6a706d22465640e053"},{"page":"/pages/xxyproject/shop/index.js","md5":"a9b6ecf3c46fd8178b37162fd80935aa"},{"page":"/pages/xxyproject/topic/index.js","md5":"49f521ec461bab4517e0d34826704a26"},{"page":"/pages/xxyproject/my/index.js","md5":"f37ab7c4c607c1b868359e5ea3256154"},{"page":"/pages/xxyproject/xxyGames/xxyGameSource/gameForum/detail.js","md5":"3bc3ab2834b3654b43d69abc00fabb39"},{"page":"/pages/xxyproject/xxyGames/xxyGameSource/gameForum/group.js","md5":"92c73609093064b38c1ada852d135213"},{"page":"/pages/xxyproject/xxyGames/xxyGameSource/gameForum/write.js","md5":"216891b95314f1e46f56b6c174b86c7d"},{"page":"/pages/xxyproject/xxyForum/index.js","md5":"1f353d1884470189270103490752e971"},{"page":"/pages/xxyproject/xxyGames/xxyGameSource/gameNotice/detail.js","md5":"b7322a40932f78aa447c15ff296c555a"},{"page":"/pages/xxyproject/xxyGames/xxyGameSource/gameNotice/write.js","md5":"2f96775acc08d529442b9fed295964ed"},{"page":"/pages/xxyproject/xxyGSearch/search.js","md5":"5f43dcc8898c0688c45c33b386a6d652"},{"page":"/pages/xxyproject/xxyNotice/notice.js","md5":"687d7f2fd253d37701cb6ad626a9e799"},{"page":"/pages/xxyproject/xxyGames/index.js","md5":"f0fda5dc1f7cfd1cb8802dd67f1f2b96"},{"page":"/pages/xxyproject/xxyPersonal/index.js","md5":"ad9ef6ecbfce721a8e1ac788124f33c2"},{"page":"/pages/xxyproject/xxyPersonal/login.js","md5":"9074a92e4a940b10947e0bcdf7e2c7b5"},{"page":"/pages/xxyproject/xxyPersonal/xxyPersonalResource/edit.js","md5":"78dc4d4badb43bfdd8b20df433d1277c"},{"page":"/pages/xxyproject/xxyPersonal/xxyPersonalResource/fans.js","md5":"01da16679fbf60895b067c1dcbcd77ac"},{"page":"/pages/xxyproject/xxyPersonal/xxyPersonalResource/follow.js","md5":"46b1fe6b254dd4c8b230fd40560ad18c"},{"page":"/pages/xxyproject/xxyPersonal/xxyPersonalResource/played.js","md5":"4856bf0ee4983b68dc3a1f35b7c180b6"},{"page":"/pages/xxyproject/xxyPersonal/xxyPersonalResource/posted.js","md5":"f013c77eb872e2624ab593f9ceffe96d"},{"page":"/pages/xxyproject/xxyPersonal/xxyPersonalResource/set.js","md5":"3dd720a9914c7e512484e2319d7c20a2"},{"page":"/pages/xxyproject/xxyPersonal/xxyPersonalResource/task.js","md5":"2dc40feebdf620acd7065ba743f123ea"},{"page":"/pages/xxyproject/xxyPersonal/register.js","md5":"594c9f5d32aa810838aad182ae7652a9"},{"page":"/pages/demo/refresh/index.js","md5":"43de243283b2373e61286369fe0371c6"},{"page":"/pages/xxyproject/xxyHome/index.js","md5":"e38879637efd710a7530bb046c79c0ae"},{"page":"/pages/xxyproject/xxyRank/index.js","md5":"a54d859f2ea2769607fe2e0d12002577"},{"page":"/pages/xxyproject/xxySpecial/index.js","md5":"b9470197cf363d6037a2c67c79beec0f"},{"page":"/pages/demo/navigator/index.js","md5":"1d99e120391fa15b654a6b00eff25f88"},{"page":"/iconfont/font_1469606063_76593.ttf","md5":"f6222bcfedff4a817bb50df7a049d1db"},{"page":"/iconfont/font_1469606522_9417143.woff","md5":"6cf5490fd14ff83350ff952bb5b8e484"},{"page":"/iconfont/font_zn5b3jswpofuhaor.ttf","md5":"c0356b22e8235d2b0be8880cc81894cc"},{"page":"/iconfont/iconfont-eros.ttf","md5":"68780fad0047dc5b02cb613ebb08cda1"},{"page":"/iconfont/iconfont.ttf","md5":"ec86bfe5bdb872bad2b2af4f11da14f4"},{"page":"/iconfont/xxy_iconfont.ttf","md5":"69072214e0af9faf383a5cf61b14abec"},{"page":"/assets/demo.jpg","md5":"332c4e7d5398207c1b49750369a72848"},{"page":"/assets/test.jpeg","md5":"58c74e921886aa24f88f758d494ebc6a"},{"page":"/assets/zi_1.png","md5":"4b05b7fca1c3da185640edfe57bbb9b3"}],"android":"1.0.0","iOS":"1.0.0","appName":"eros2","jsVersion":"3811b89062795268b7ac0863b8b1c4a2","timestamp":1520584534975,"jsPath":"https://app.weex-eros.com/source"}
